{"split_feature": 15, "split_value": 0.5, "left": {"split_feature": 18, "split_value": 0.3871387274943374, "left": {"split_feature": 18, "split_value": 0.22717602398260683, "left": {"split_feature": 11, "split_value": 0.0057500229084578025, "left": {"split_feature": 0, "split_value": 0.004403522818254603, "left": {"split_feature": 25, "split_value": 0.5922453300850137, "left": {"split_feature": 1, "split_value": 0.010887772194304857, "left": {"split_feature": 4, "split_value": 0.08653846153846154, "left": 63.58, "right": {"split_feature": 18, "split_value": 0.11097944615855504, "left": 68.35964912280701, "right": {"split_feature": 11, "split_value": 0.0013172363236506925, "left": 81.32673267326733, "right": 71.5925925925926}}}, "right": {"split_feature": 4, "split_value": 0.06730769230769232, "left": {"split_feature": 25, "split_value": 0.5456659861121764, "left": 54.58474576271186, "right": 62.84615384615385}, "right": {"split_feature": 3, "split_value": 0.0015337423312883436, "left": {"split_feature": 26, "split_value": 0.4627211874562889, "left": 62.198019801980195, "right": 71.30681818181819}, "right": {"split_feature": 2, "split_value": 0.01170940170940171, "left": 71.65454545454546, "right": 62.67926829268293}}}}, "right": {"split_feature": 2, "split_value": 0.007948717948717949, "left": 70.95495495495496, "right": {"split_feature": 4, "split_value": 0.10576923076923078, "left": 53.295081967213115, "right": {"split_feature": 18, "split_value": 0.09506171033751806, "left": {"split_feature": 4, "split_value": 0.6895604395604396, "left": 52.18518518518518, "right": 59.1123595505618}, "right": {"split_feature": 25, "split_value": 0.6578491350167361, "left": 58.87106918238994, "right": 62.96388888888889}}}}}, "right": {"split_feature": 4, "split_value": 0.8695054945054945, "left": {"split_feature": 18, "split_value": 0.10685425278088923, "left": 43.90909090909091, "right": {"split_feature": 25, "split_value": 0.55630625221211, "left": 54.85454545454545, "right": 48.548780487804876}}, "right": 58.981308411214954}}, "right": {"split_feature": 0, "split_value": 0.0076060848678943145, "left": {"split_feature": 4, "split_value": 0.9766483516483517, "left": {"split_feature": 4, "split_value": 0.19368131868131871, "left": {"split_feature": 18, "split_value": 0.1566808571817924, "left": 64.79861111111111, "right": 71.40243902439025}, "right": {"split_feature": 4, "split_value": 0.5494505494505495, "left": {"split_feature": 0, "split_value": 0.00040032025620496394, "left": 99.76821192052981, "right": {"split_feature": 18, "split_value": 0.14517445736944118, "left": 74.37903225806451, "right": 91.54945054945055}}, "right": {"split_feature": 3, "split_value": 0.0015337423312883436, "left": 80.94623655913979, "right": 66.15686274509804}}}, "right": {"split_feature": 11, "split_value": 0.023618619994501974, "left": 94.44047619047619, "right": 119.0}}, "right": {"split_feature": 3, "split_value": 0.010736196319018405, "left": 61.17123287671233, "right": 45.729032258064514}}}, "right": {"split_feature": 4, "split_value": 0.973901098901099, "left": {"split_feature": 26, "split_value": 0.7747369508835007, "left": {"split_feature": 27, "split_value": 0.43355622054725274, "left": {"split_feature": 18, "split_value": 0.3137480523855475, "left": {"split_feature": 27, "split_value": 0.33485438398523826, "left": 56.10227272727273, "right": {"split_feature": 25, "split_value": 0.5373174063538286, "left": {"split_feature": 25, "split_value": 0.5139989210274543, "left": 66.73863636363636, "right": 77.11111111111111}, "right": 62.63503649635037}}, "right": 85.65116279069767}, "right": {"split_feature": 0, "split_value": 0.0036028823058446755, "left": {"split_feature": 2, "split_value": 0.004871794871794873, "left": {"split_feature": 4, "split_value": 0.1401098901098901, "left": 91.79069767441861, "right": {"split_feature": 13, "split_value": 0.13636363636363635, "left": 106.48529411764706, "right": 126.13}}, "right": {"split_feature": 25, "split_value": 0.49386292033554824, "left": {"split_feature": 4, "split_value": 0.06730769230769232, "left": 79.73214285714286, "right": 94.0377094972067}, "right": {"split_feature": 18, "split_value": 0.3038635753983986, "left": 65.76551724137931, "right": 80.12707182320442}}}, "right": {"split_feature": 3, "split_value": 0.007668711656441719, "left": {"split_feature": 25, "split_value": 0.49675994077109564, "left": {"split_feature": 27, "split_value": 0.55720622378049, "left": 94.03488372093024, "right": 72.92631578947369}, "right": 67.08536585365853}, "right": 61.135416666666664}}}, "right": {"split_feature": 18, "split_value": 0.23494225234610344, "left": {"split_feature": 0, "split_value": 0.0028022417934347476, "left": {"split_feature": 2, "split_value": 0.008205128205128205, "left": 87.52808988764045, "right": {"split_feature": 11, "split_value": 0.0003779895537432444, "left": 64.6890756302521, "right": 74.32710280373831}}, "right": 59.16279069767442}, "right": {"split_feature": 1, "split_value": 0.01423785594639866, "left": 62.464285714285715, "right": 53.06603773584906}}}, "right": {"split_feature": 11, "split_value": 0.0058760194263722185, "left": {"split_feature": 26, "split_value": 0.6285779178145248, "left": 105.43820224719101, "right": 77.86238532110092}, "right": {"split_feature": 25, "split_value": 0.49339757852549937, "left": 130.89361702127658, "right": 107.02409638554217}}}}, "right": {"split_feature": 18, "split_value": 0.7164548060064393, "left": {"split_feature": 0, "split_value": 0.0068054443554843875, "left": {"split_feature": 11, "split_value": 0.020949784660496656, "left": {"split_feature": 16, "split_value": 0.5, "left": 78.33333333333333, "right": {"split_feature": 18, "split_value": 0.5139723191881176, "left": {"split_feature": 4, "split_value": 0.13324175824175827, "left": {"split_feature": 4, "split_value": 0.042582417582417584, "left": 90.37272727272727, "right": 101.31404958677686}, "right": {"split_feature": 1, "split_value": 0.010887772194304857, "left": 134.97894736842105, "right": {"split_feature": 4, "split_value": 0.8008241758241759, "left": 106.3956043956044, "right": 120.37241379310345}}}, "right": {"split_feature": 4, "split_value": 0.7843406593406594, "left": {"split_feature": 1, "split_value": 0.09296482412060303, "left": {"split_feature": 4, "split_value": 0.11813186813186813, "left": 118.6, "right": 138.4780487804878}, "right": {"split_feature": 6, "split_value": 0.19444444444444442, "left": 107.77380952380952, "right": 122.10679611650485}}, "right": {"split_feature": 3, "split_value": 0.02147239263803681, "left": 166.25, "right": 135.03614457831324}}}}, "right": {"split_feature": 27, "split_value": 0.5681340591681092, "left": 140.632183908046, "right": {"split_feature": 25, "split_value": 0.406316653113457, "left": 176.46341463414635, "right": 163.5}}}, "right": {"split_feature": 3, "split_value": 0.004601226993865031, "left": 97.74358974358974, "right": 66.56521739130434}}, "right": {"split_feature": 1, "split_value": 0.005862646566164155, "left": 248.98347107438016, "right": 151.15238095238095}}}, "right": {"split_feature": 18, "split_value": 0.339901802152071, "left": {"split_feature": 6, "split_value": 0.3611111111111111, "left": {"split_feature": 4, "split_value": 0.9244505494505495, "left": {"split_feature": 18, "split_value": 0.16810216054879495, "left": {"split_feature": 4, "split_value": 0.17994505494505497, "left": {"split_feature": 1, "split_value": 0.0041876046901172526, "left": 135.12582781456953, "right": {"split_feature": 1, "split_value": 0.0695142378559464, "left": {"split_feature": 4, "split_value": 0.0728021978021978, "left": 106.78260869565217, "right": 122.78151260504201}, "right": 98.3984375}}, "right": {"split_feature": 0, "split_value": 0.0068054443554843875, "left": {"split_feature": 1, "split_value": 0.12981574539363483, "left": {"split_feature": 27, "split_value": 0.46085899333770897, "left": {"split_feature": 12, "split_value": 0.08333333333333334,