{"w1": 0.3776112541796772, "w2": 0.642113280042596, "w3": 0.05625227294665702, "w4": 0.23555889944111896, "w5": 0.22324221020388602}