{"R2": 0.574005685903686, "MAE": 40.40949897945306, "MSE": 3811.056886482252, "RMSE": 61.733758078398665, "MAPE": 0.31209301850892385, "error_ratio_rmse": 0.4463451028799277, "error_ratio_mae": 0.2921672443204379}