{"R2": 0.4900511582827498, "MAE": 44.813513576971495, "MSE": 4562.136114663673, "RMSE": 67.54358677671532, "MAPE": 0.35170080928108993, "error_ratio_rmse": 0.4883511084882642, "error_ratio_mae": 0.32400898552980534}