{"R2": 0.5500372782874432, "MAE": 41.36670545044114, "MSE": 4025.484548733263, "RMSE": 63.44670636631395, "MAPE": 0.31731717761246064, "error_ratio_rmse": 0.4587299973622397, "error_ratio_mae": 0.29908800265541446}